frame_id,timestamp,face_valid,ear_avg,ear_left,ear_right,mar,perclos,head_yaw,head_pitch,head_roll,gen_detected,gen_beat_count,gen_slow_phase_vel,pursuit_fragmentation_ratio,vor_gain,vergence_angle_deg,lack_of_convergence,blink_closing_velocity,blink_opening_velocity,head_postural_sway,facial_flushing_ratio,gaze_yaw_dispersion,deliberate_blink_suppression,voluntary_eye_widening,stare_fixation_duration_s,rigid_head_stabilization,masking_divergence_score,masking_detected,risk_score,involuntary_risk_score,voluntary_masking_score,classification,lockout_recommended
1,0.0,True,0.3169,0.3304,0.3035,0.045,0.0,-0.09,-2.32,-2.53,False,0,0.0,0.0,1.0,30.0,False,0.0,0.0,0.0,1.038,0.0,False,False,0.0,False,0.0,False,0.0,0.0,0.0,SOBER,False
2,0.033,True,0.3323,0.347,0.3177,0.024,0.0,0.69,-1.1,-2.36,False,0,0.0,0.0,0.85,30.0,False,0.0,0.0,0.0,1.071,0.0,False,False,0.03,False,0.0,False,0.0,0.0,0.0,SOBER,False
3,0.067,True,0.3395,0.353,0.326,0.0239,0.0,0.95,-1.44,-2.44,False,0,0.0,0.0,0.722,30.0,False,0.0,0.0,0.0,1.102,0.0,False,False,0.07,False,0.0,False,4.2,4.2,0.0,SOBER,False
4,0.1,True,0.3351,0.3471,0.3232,0.0168,0.0,-0.55,-0.39,-2.37,False,0,0.0,0.0,0.722,30.0,False,0.0,0.0,0.0,1.129,0.0,False,False,0.1,False,0.0,False,4.2,4.2,0.0,SOBER,False
5,0.133,True,0.3334,0.3435,0.3232,0.0191,0.0,-0.4,-0.55,-2.44,False,0,0.0,0.0,0.614,30.0,False,0.0,0.0,0.0,1.154,0.0,False,False,0.13,False,0.0,False,14.0,14.0,0.0,SOBER,False
6,0.167,True,0.3345,0.3379,0.331,0.0341,0.0,-1.21,-1.56,-2.18,False,0,0.0,0.0,0.522,30.0,False,0.0,0.0,0.0,1.175,0.0,False,False,0.17,False,0.0,False,14.0,14.0,0.0,SOBER,False
7,0.2,True,0.329,0.3309,0.3271,0.0452,0.0,-1.33,-1.24,-2.28,False,0,0.0,0.0,0.444,30.0,False,0.0,0.0,0.0,1.195,0.0,False,False,0.2,False,0.0,False,14.0,14.0,0.0,SOBER,False
8,0.233,True,0.3375,0.3475,0.3275,0.0307,0.0,-0.09,0.02,-2.31,False,0,0.0,0.0,0.444,30.0,False,0.0,0.0,0.0,1.213,0.0,False,False,0.23,False,0.0,False,14.0,14.0,0.0,SOBER,False
9,0.267,True,0.3382,0.3482,0.3281,0.0307,0.0,-0.16,0.05,-2.31,False,0,0.0,0.0,0.377,30.0,False,0.0,0.0,0.0,1.229,0.0,False,False,0.27,False,0.0,False,14.0,14.0,0.0,SOBER,False
10,0.3,True,0.3367,0.3463,0.3271,0.0269,0.0,-0.09,-0.05,-2.31,False,0,0.0,0.0,0.321,30.0,False,0.0,0.0,0.763,1.243,0.0,False,False,0.3,False,0.0,False,14.0,14.0,0.0,SOBER,False
11,0.333,True,0.3365,0.346,0.327,0.0267,0.0,-0.07,-0.05,-2.32,False,0,0.0,0.0,0.321,30.0,False,0.0,0.0,0.764,1.256,0.0,False,False,0.33,False,0.0,False,14.0,14.0,0.0,SOBER,False
12,0.367,True,0.3359,0.3449,0.3269,0.0274,0.0,4.44,-1.03,-2.47,False,0,0.0,0.0,0.321,30.0,False,0.0,0.0,0.735,1.267,0.0,False,False,0.37,False,0.0,False,14.0,14.0,0.0,SOBER,False
13,0.4,True,0.3404,0.3513,0.3294,0.0116,0.0,0.42,0.32,-1.79,False,0,0.0,0.0,0.321,30.0,False,0.0,0.0,0.782,1.279,0.0,False,False,0.4,False,0.0,False,14.0,14.0,0.0,SOBER,False
14,0.433,True,0.3397,0.345,0.3344,0.0101,0.0,0.64,0.24,-1.81,False,0,0.0,0.0,0.272,30.0,False,0.0,0.0,0.804,1.289,0.0,False,False,0.43,False,0.0,False,14.0,14.0,0.0,SOBER,False
15,0.467,True,0.3416,0.3483,0.3349,0.0121,0.0,0.62,-0.02,-1.82,False,0,0.0,0.0,0.272,30.0,False,0.0,0.0,0.801,1.299,0.0,False,False,0.47,False,0.0,False,14.0,14.0,0.0,SOBER,False
16,0.5,True,0.3442,0.3567,0.3318,0.0095,0.0,0.95,-0.59,-2.09,False,0,0.0,0.0,0.232,30.0,False,0.0,0.0,0.776,1.307,0.0,False,False,0.5,False,0.0,False,14.0,14.0,0.0,SOBER,False
17,0.533,True,0.3451,0.3581,0.3322,0.0087,0.0,0.96,-0.39,-2.05,False,0,0.0,0.0,0.232,30.0,False,0.0,0.0,0.756,1.314,0.0,False,False,0.53,False,0.0,False,14.0,14.0,0.0,SOBER,False
18,0.567,True,0.3476,0.361,0.3342,0.0081,0.0,5.6,-1.17,-2.56,False,0,0.0,0.0,0.232,30.0,False,0.0,0.0,0.75,1.321,0.0,False,False,0.57,False,0.0,False,14.0,14.0,0.0,SOBER,False
19,0.6,True,0.3494,0.3629,0.3358,0.0083,0.0,1.16,0.21,-2.14,False,0,0.0,0.0,0.232,30.0,False,0.0,0.0,0.754,1.327,0.0,False,False,0.6,False,0.0,False,14.0,14.0,0.0,SOBER,False
20,0.633,True,0.3496,0.3634,0.3357,0.0088,0.0,1.24,0.12,-2.09,False,0,0.0,0.0,0.197,30.0,False,0.0,0.0,0.752,1.332,0.0,False,False,0.63,False,0.0,False,14.0,14.0,0.0,SOBER,False
21,0.667,True,0.3493,0.3627,0.3358,0.0081,0.0,1.16,0.15,-2.12,False,0,0.0,0.0,0.167,30.0,False,0.0,0.0,0.749,1.337,0.0,False,False,0.67,False,0.0,False,14.0,14.0,0.0,SOBER,False
22,0.7,True,0.3366,0.3468,0.3264,0.0101,0.0,0.59,-1.15,-2.23,False,0,0.0,0.0,0.142,30.0,False,0.0,0.0,0.744,1.341,0.0,False,False,0.7,False,0.0,False,14.0,14.0,0.0,SOBER,False
23,0.733,True,0.3343,0.3441,0.3245,0.0111,0.0,4.63,-2.04,-2.71,False,0,0.0,0.0,0.142,30.0,False,0.0,0.0,0.795,1.345,0.0,False,False,0.73,False,0.0,False,14.0,14.0,0.0,SOBER,False
24,0.767,True,0.3354,0.3457,0.3252,0.0107,0.0,0.52,-1.14,-2.26,False,0,0.0,0.0,0.142,30.0,False,0.0,0.0,0.785,1.348,0.0,False,False,0.77,False,0.0,False,14.0,14.0,0.0,SOBER,False
25,0.8,True,0.3276,0.3361,0.3191,0.0117,0.0,-0.61,0.31,-1.99,False,0,0.0,0.0,0.142,30.0,False,0.0,0.0,0.793,1.352,0.0,False,False,0.8,False,0.0,False,14.0,14.0,0.0,SOBER,False
26,0.833,True,0.346,0.3577,0.3343,0.0079,0.0,0.77,-0.2,-1.96,False,0,0.0,0.0,0.142,30.0,False,0.0,0.0,0.783,1.356,0.0,False,False,0.83,False,0.0,False,14.0,14.0,0.0,SOBER,False
27,0.867,True,0.3448,0.3548,0.3349,0.0085,0.0,0.86,-0.5,-1.99,False,0,0.0,0.0,0.121,30.0,False,0.0,0.0,0.77,1.359,0.0,False,False,0.87,False,0.0,False,14.0,14.0,0.0,SOBER,False
28,0.9,True,0.3447,0.3535,0.3359,0.0101,0.0,5.47,-1.49,-2.23,False,0,0.0,0.0,0.121,30.0,False,0.0,0.0,0.775,1.361,0.0,False,False,0.9,False,0.0,False,14.0,14.0,0.0,SOBER,False
29,0.933,True,0.3447,0.3539,0.3355,0.0108,0.0,0.84,-0.53,-1.93,False,0,0.0,0.0,0.121,30.0,False,0.0,0.0,0.763,1.364,0.0,False,False,0.93,False,0.0,False,14.0,14.0,0.0,SOBER,False
30,0.967,True,0.345,0.3543,0.3357,0.0102,0.0,0.81,-0.48,-1.92,False,0,0.0,0.0,0.121,30.0,False,0.0,0.0,0.753,1.366,0.0,False,False,0.97,False,0.0,False,14.0,14.0,0.0,SOBER,False
31,1.0,True,0.3449,0.3542,0.3356,0.0107,0.0,0.85,-0.54,-1.93,False,0,0.0,0.0,0.121,30.0,False,0.0,0.0,0.742,1.367,0.0,False,False,1.0,False,0.0,False,14.0,14.0,0.0,SOBER,False
32,1.033,True,0.3448,0.354,0.3355,0.0102,0.0,0.79,-0.52,-1.92,False,0,0.0,0.0,0.121,30.0,False,0.0,0.0,0.732,1.369,0.0,False,False,1.03,False,0.0,False,14.0,14.0,0.0,SOBER,False
33,1.067,True,0.3558,0.3682,0.3433,0.0099,0.0,0.49,-0.18,-1.99,False,0,0.0,0.0,0.103,30.0,False,0.0,0.0,0.725,1.371,0.0,False,False,1.07,False,0.0,False,14.0,14.0,0.0,SOBER,False
34,1.1,True,0.3559,0.3678,0.344,0.0111,0.0,0.47,0.12,-1.95,False,0,0.0,0.0,0.103,30.0,False,0.0,0.0,0.725,1.373,0.0,False,False,1.1,False,0.0,False,14.0,14.0,0.0,SOBER,False
35,1.133,True,0.3457,0.3535,0.3379,0.0122,0.0,-4.58,0.23,-0.62,False,0,0.0,0.0,0.103,30.0,False,0.0,0.0,0.771,1.375,0.0,False,False,1.13,False,0.0,False,14.0,14.0,0.0,SOBER,False
36,1.167,True,0.3442,0.3522,0.3362,0.0124,0.0,-1.36,1.1,-2.01,False,0,0.0,0.0,0.103,30.0,False,0.0,0.0,0.807,1.377,0.0,False,False,1.17,False,0.0,False,14.0,14.0,0.0,SOBER,False
37,1.2,True,0.3394,0.3454,0.3334,0.0165,0.0,0.56,-1.78,-1.87,False,0,0.0,0.0,0.103,30.0,False,0.0,0.0,0.824,1.378,0.0,False,False,1.2,False,0.0,False,14.0,14.0,0.0,SOBER,False
38,1.233,True,0.3345,0.3411,0.3278,0.015,0.0,0.41,-1.96,-2.01,False,0,0.0,0.0,0.087,30.0,False,0.0,0.0,0.845,1.379,0.0,False,False,1.23,False,0.0,False,14.0,14.0,0.0,SOBER,False
39,1.267,True,0.3403,0.3493,0.3312,0.0141,0.0,0.6,-2.01,-2.09,False,0,0.0,0.0,0.074,30.0,False,0.0,0.0,0.864,1.38,0.0,False,False,1.27,False,0.0,False,14.0,14.0,0.0,SOBER,False
40,1.3,True,0.3358,0.3436,0.3279,0.0123,0.0,4.75,-3.29,-2.34,False,0,0.0,0.0,0.074,30.0,False,0.0,0.0,0.952,1.381,0.0,False,False,1.3,False,0.0,False,14.0,14.0,0.0,SOBER,False
41,1.333,True,0.3418,0.3539,0.3298,0.0121,0.0,0.55,-0.96,-2.11,False,0,0.0,0.0,0.074,30.0,False,0.0,0.0,0.941,1.381,0.0,False,False,1.33,False,0.0,False,14.0,14.0,0.0,SOBER,False
42,1.367,True,0.3413,0.3533,0.3294,0.0125,0.0,0.19,-0.97,-2.1,False,0,0.0,0.0,0.063,30.0,False,0.0,0.0,0.931,1.382,0.0,False,False,1.37,False,0.0,False,14.0,14.0,0.0,SOBER,False
43,1.4,True,0.341,0.3535,0.3285,0.0124,0.0,-0.45,-0.27,-2.22,False,0,0.0,0.0,0.054,30.0,False,0.0,0.0,0.922,1.383,0.0,False,False,1.4,False,0.0,False,14.0,14.0,0.0,SOBER,False
44,1.433,True,0.3411,0.3532,0.329,0.0156,0.0,4.96,-1.46,-2.35,False,0,0.0,0.0,0.054,30.0,False,0.0,0.0,0.92,1.383,0.0,False,False,1.43,False,0.0,False,14.0,14.0,0.0,SOBER,False
45,1.467,True,0.3484,0.3591,0.3376,0.0126,0.0,5.01,-2.11,-2.26,False,0,0.0,0.0,0.054,30.0,False,0.0,0.0,0.933,1.384,0.0,False,False,1.47,False,0.0,False,14.0,14.0,0.0,SOBER,False
46,1.5,True,0.3476,0.3583,0.3369,0.0119,0.0,0.21,-0.8,-2.06,False,0,0.0,0.0,0.054,30.0,False,0.0,0.0,0.923,1.385,0.0,False,False,1.5,False,0.0,False,14.0,14.0,0.0,SOBER,False
47,1.533,True,0.3479,0.3581,0.3376,0.0126,0.0,0.31,-0.72,-2.07,False,0,0.0,0.0,0.046,30.0,False,0.0,0.0,0.913,1.386,0.0,False,False,1.53,False,0.0,False,14.0,14.0,0.0,SOBER,False
48,1.567,True,0.3467,0.3574,0.3361,0.0125,0.0,0.11,-0.65,-2.12,False,0,0.0,0.0,0.039,30.0,False,0.0,0.0,0.904,1.387,0.0,False,False,1.57,False,0.0,False,14.0,14.0,0.0,SOBER,False
49,1.6,True,0.3404,0.3513,0.3294,0.0116,0.0,0.42,0.32,-1.79,False,0,0.0,0.0,0.033,30.0,False,0.0,0.0,0.908,1.387,0.0,False,False,1.6,False,0.0,False,14.0,14.0,0.0,SOBER,False
50,1.633,True,0.3454,0.357,0.3339,0.0125,0.0,-0.57,0.51,-2.03,False,0,0.0,0.0,0.033,30.0,False,0.0,0.0,0.915,1.387,0.0,False,False,1.63,False,0.0,False,14.0,14.0,0.0,SOBER,False
51,1.667,True,0.3327,0.3356,0.3298,0.013,0.0,0.38,-0.2,-1.98,False,0,0.0,0.0,0.033,30.0,False,0.0,0.0,0.908,1.388,0.0,False,False,1.67,False,0.0,False,14.0,14.0,0.0,SOBER,False
52,1.7,True,0.3354,0.3401,0.3306,0.0121,0.0,0.54,-0.05,-2.01,False,0,0.0,0.0,0.028,30.0,False,0.0,0.0,0.904,1.388,0.0,False,False,1.7,False,0.0,False,14.0,14.0,0.0,SOBER,False
53,1.733,True,0.3396,0.3501,0.3291,0.0108,0.0,1.14,-0.57,-2.16,False,0,0.0,0.0,0.024,30.0,False,0.0,0.0,0.895,1.389,0.0,False,False,1.73,False,0.0,False,14.0,14.0,0.0,SOBER,False
54,1.767,True,0.3403,0.3519,0.3287,0.0112,0.0,1.43,0.61,-1.91,False,0,0.0,0.0,0.02,30.0,False,0.0,0.0,0.904,1.389,0.0,False,False,1.77,False,0.0,False,14.0,14.0,0.0,SOBER,False
55,1.8,True,0.3409,0.3526,0.3291,0.0112,0.0,1.11,-0.56,-2.22,False,0,0.0,0.0,0.017,30.0,False,0.0,0.0,0.896,1.389,0.0,False,False,1.8,False,0.0,False,14.0,14.0,0.0,SOBER,False
56,1.833,True,0.3472,0.3613,0.3332,0.0093,0.0,1.48,0.06,-2.31,False,0,0.0,0.0,0.015,30.0,False,0.0,0.0,0.893,1.389,0.0,False,False,1.83,False,0.0,False,14.0,14.0,0.0,SOBER,False
57,1.867,True,0.3461,0.3608,0.3314,0.0095,0.0,1.44,-0.07,-2.32,False,0,0.0,0.0,0.015,30.0,False,0.0,0.0,0.888,1.389,0.0,False,False,1.87,False,0.0,False,14.0,14.0,0.0,SOBER,False
58,1.9,True,0.3464,0.3609,0.3318,0.0095,0.0,5.72,-1.14,-2.67,False,0,0.0,0.0,0.015,30.0,False,0.0,0.0,0.886,1.389,0.0,False,False,1.9,False,0.0,False,14.0,14.0,0.0,SOBER,False
59,1.933,True,0.3465,0.3611,0.3319,0.0091,0.0,5.74,-1.11,-2.67,False,0,0.0,0.0,0.015,30.0,False,0.0,0.0,0.883,1.389,0.0,False,False,1.93,False,0.0,False,14.0,14.0,0.0,SOBER,False
60,1.967,True,0.3307,0.3382,0.3232,0.0119,0.0,0.23,-0.61,-1.94,False,0,0.0,0.0,0.015,30.0,False,0.0,0.0,0.876,1.389,0.0,False,False,1.97,False,0.0,False,14.0,14.0,0.0,SOBER,False
61,2.0,True,0.3388,0.3502,0.3274,0.0109,0.0,0.06,1.04,-1.96,False,0,0.0,0.0,0.012,30.0,False,0.0,0.0,0.895,1.389,0.0,False,False,2.0,False,0.0,False,14.0,14.0,0.0,SOBER,False
62,2.033,True,0.3284,0.3341,0.3226,0.0107,0.0,-0.68,0.77,-1.64,False,0,0.0,0.0,0.011,30.0,False,0.0,0.0,0.907,1.389,0.0,False,False,2.03,False,0.0,False,14.0,14.0,0.0,SOBER,False
63,2.067,True,0.3311,0.3377,0.3245,0.0114,0.0,-0.88,0.72,-1.66,False,0,0.0,0.0,0.009,30.0,False,0.0,0.0,0.916,1.388,0.0,False,False,2.07,False,0.0,False,14.0,14.0,0.0,SOBER,False
64,2.1,True,0.349,0.3577,0.3404,0.0079,0.0,0.45,0.42,-1.97,False,0,0.0,0.0,0.009,30.0,False,0.0,0.0,0.917,1.388,0.0,False,False,2.1,False,0.0,False,14.0,14.0,0.0,SOBER,False
65,2.133,True,0.3496,0.3575,0.3417,0.0086,0.0,0.5,0.42,-1.93,False,0,0.0,0.0,0.009,30.0,False,0.0,0.0,0.918,1.387,0.0,False,False,2.13,False,0.0,False,14.0,14.0,0.0,SOBER,False
66,2.167,True,0.3483,0.3558,0.3409,0.0086,0.0,0.14,-0.84,-2.25,False,0,0.0,0.0,0.008,30.0,False,0.0,0.0,0.912,1.386,0.0,False,False,2.17,False,0.0,False,14.0,14.0,0.0,SOBER,False
67,2.2,True,0.3489,0.3563,0.3414,0.0087,0.0,4.49,-2.0,-2.62,False,0,0.0,0.0,0.008,30.0,False,0.0,0.0,0.924,1.386,0.0,False,False,2.2,False,0.0,False,14.0,14.0,0.0,SOBER,False
68,2.233,True,0.3485,0.3559,0.3411,0.0087,0.0,0.11,-0.84,-2.26,False,0,0.0,0.0,0.008,30.0,False,0.0,0.0,0.918,1.386,0.0,False,False,2.23,False,0.0,False,14.0,14.0,0.0,SOBER,False
69,2.267,True,0.3489,0.3563,0.3414,0.0087,0.0,0.46,0.42,-1.93,False,0,0.0,0.0,0.006,30.0,False,0.0,0.0,0.919,1.385,0.0,False,False,2.27,False,0.0,False,14.0,14.0,0.0,SOBER,False
70,2.3,True,0.3498,0.358,0.3416,0.0092,0.0,-3.64,-0.19,-0.86,False,0,0.0,0.0,0.006,30.0,False,0.0,0.0,0.926,1.385,0.0,False,False,2.3,False,0.0,False,14.0,14.0,0.0,SOBER,False
71,2.333,True,0.3528,0.3619,0.3437,0.0082,0.0,-0.6,0.55,-2.26,False,0,0.0,0.0,0.006,30.0,False,0.0,0.0,0.928,1.384,0.0,False,False,2.33,False,0.0,False,14.0,14.0,0.0,SOBER,False
72,2.367,True,0.3453,0.3511,0.3395,0.0092,0.0,3.63,-0.53,-2.28,False,0,0.0,0.0,0.006,30.0,False,0.0,0.0,0.922,1.383,0.0,False,False,2.37,False,0.0,False,14.0,14.0,0.0,SOBER,False
73,2.4,True,0.3428,0.3535,0.332,0.0113,0.0,-0.3,0.7,-1.8,False,0,0.0,0.0,0.006,30.0,False,0.0,0.0,0.927,1.384,0.0,False,False,2.4,False,0.0,False,14.0,14.0,0.0,SOBER,False
74,2.433,True,0.3499,0.3596,0.3401,0.0139,0.0,-0.15,-0.14,-1.89,False,0,0.0,0.0,0.006,30.0,False,0.0,0.0,0.922,1.384,0.0,False,False,2.43,False,0.0,False,14.0,14.0,0.0,SOBER,False
75,2.467,True,0.3445,0.3542,0.3348,0.0168,0.0,-0.18,-0.15,-1.89,False,0,0.0,0.0,0.006,30.0,False,0.0,0.0,0.917,1.384,0.0,False,False,2.47,False,0.0,False,14.0,14.0,0.0,SOBER,False
76,2.5,True,0.3493,0.3567,0.3419,0.0194,0.0,0.42,-0.88,-1.84,False,0,0.0,0.0,0.005,30.0,False,0.0,0.0,0.913,1.383,0.0,False,False,2.5,False,0.0,False,14.0,14.0,0.0,SOBER,False
77,2.533,True,0.3514,0.3589,0.344,0.0173,0.0,5.33,-2.18,-2.14,False,0,0.0,0.0,0.005,30.0,False,0.0,0.0,0.927,1.383,0.0,False,False,2.53,False,0.0,False,14.0,14.0,0.0,SOBER,False
78,2.567,True,0.3521,0.3594,0.3448,0.0173,0.0,0.58,-0.99,-1.84,False,0,0.0,0.0,0.005,30.0,False,0.0,0.0,0.923,1.383,0.0,False,False,2.57,False,0.0,False,14.0,14.0,0.0,SOBER,False
79,2.6,True,0.3486,0.3586,0.3386,0.0123,0.0,0.34,-0.16,-2.02,False,0,0.0,0.0,0.004,30.0,False,0.0,0.0,0.918,1.383,0.0,False,False,2.6,False,0.0,False,14.0,14.0,0.0,SOBER,False
80,2.633,True,0.3493,0.3594,0.3392,0.0122,0.0,0.28,-0.17,-2.04,False,0,0.0,0.0,0.004,30.0,False,0.0,0.0,0.913,1.383,0.0,False,False,2.63,False,0.0,False,14.0,14.0,0.0,SOBER,False
81,2.667,True,0.3508,0.3604,0.3411,0.0148,0.0,-0.21,0.77,-2.09,False,0,0.0,0.0,0.003,30.0,False,0.0,0.0,0.918,1.383,0.0,False,False,2.67,False,0.0,False,14.0,14.0,0.0,SOBER,False
82,2.7,True,0.3497,0.36,0.3394,0.0138,0.0,-0.43,0.82,-2.09,False,0,0.0,0.0,0.003,30.0,False,0.0,0.0,0.924,1.383,0.0,False,False,2.7,False,0.0,False,14.0,14.0,0.0,SOBER,False
83,2.733,True,0.357,0.3692,0.3448,0.0177,0.0,0.52,0.26,-1.96,False,0,0.0,0.0,0.003,30.0,False,0.0,0.0,0.922,1.383,0.0,False,False,2.73,False,0.0,False,14.0,14.0,0.0,SOBER,False
84,2.767,True,0.3562,0.368,0.3443,0.0154,0.0,0.58,0.46,-1.98,False,0,0.0,0.0,0.003,30.0,False,0.0,0.0,0.923,1.383,0.0,False,False,2.77,False,0.0,False,14.0,14.0,0.0,SOBER,False
85,2.8,True,0.3404,0.3513,0.3294,0.0116,0.0,0.42,0.32,-1.79,False,0,0.0,0.0,0.002,30.0,False,0.0,0.0,0.922,1.384,0.0,False,False,2.8,False,0.0,False,14.0,14.0,0.0,SOBER,False
86,2.833,True,0.3454,0.357,0.3339,0.0125,0.0,-0.57,0.51,-2.03,False,0,0.0,0.0,0.002,30.0,False,0.0,0.0,0.922,1.384,0.0,False,False,2.83,False,0.0,False,14.0,14.0,0.0,SOBER,False
87,2.867,True,0.3383,0.3518,0.3249,0.012,0.0,0.07,-0.03,-1.86,False,0,0.0,0.0,0.002,30.0,False,0.0,0.0,0.918,1.384,0.0,False,False,2.87,False,0.0,False,14.0,14.0,0.0,SOBER,False
88,2.9,True,0.3381,0.3506,0.3257,0.012,0.0,5.15,-1.01,-2.03,False,0,0.0,0.0,0.002,30.0,False,0.0,0.0,0.915,1.384,0.0,False,False,2.9,False,0.0,False,14.0,14.0,0.0,SOBER,False
89,2.933,True,0.3324,0.3358,0.3289,0.0119,0.0,0.52,-0.0,-2.06,False,0,0.0,0.0,0.002,30.0,False,0.0,0.0,0.911,1.385,0.0,False,False,2.93,False,0.0,False,14.0,14.0,0.0,SOBER,False
90,2.967,True,0.3336,0.337,0.3302,0.0119,0.0,0.51,0.05,-2.04,False,0,0.0,0.0,0.002,30.0,False,0.0,0.0,0.907,1.386,0.0,False,False,2.97,False,0.0,False,14.0,14.0,0.0,SOBER,False
91,3.0,True,0.3426,0.3528,0.3324,0.0119,0.0,1.08,-0.61,-2.22,False,0,0.0,0.0,0.002,30.0,False,0.0,0.0,0.884,1.387,0.0,False,False,3.0,False,0.0,False,14.0,14.0,0.0,SOBER,False
92,3.033,True,0.342,0.3526,0.3315,0.011,0.0,0.95,-0.58,-2.27,False,0,0.0,0.0,0.002,30.0,False,0.0,0.0,0.881,1.387,0.0,False,False,3.03,False,0.0,False,14.0,14.0,0.0,SOBER,False
93,3.067,True,0.3439,0.3582,0.3296,0.0121,0.0,5.61,-1.31,-2.74,False,0,0.0,0.0,0.002,30.0,False,0.0,0.0,0.882,1.388,0.0,False,False,3.07,False,0.0,False,14.0,14.0,0.0,SOBER,False
94,3.1,True,0.3436,0.3587,0.3285,0.0128,0.0,0.95,-0.01,-2.41,False,0,0.0,0.0,0.002,30.0,False,0.0,0.0,0.883,1.389,0.0,False,False,3.1,False,0.0,False,14.0,14.0,0.0,SOBER,False
95,3.133,True,0.3441,0.359,0.3292,0.0127,0.0,0.93,-0.01,-2.4,False,0,0.0,0.0,0.002,30.0,False,0.0,0.0,0.883,1.39,0.0,False,False,3.13,False,0.0,False,14.0,14.0,0.0,SOBER,False
96,3.167,True,0.3442,0.3591,0.3293,0.0128,0.0,0.93,-0.01,-2.4,False,0,0.0,0.0,0.002,30.0,False,0.0,0.0,0.876,1.39,0.0,False,False,3.17,False,0.0,False,14.0,14.0,0.0,SOBER,False
97,3.2,True,0.3388,0.3502,0.3274,0.0109,0.0,0.06,1.04,-1.96,False,0,0.0,0.0,0.002,30.0,False,0.0,0.0,0.884,1.39,0.0,False,False,3.2,False,0.0,False,14.0,14.0,0.0,SOBER,False
98,3.233,True,0.3316,0.3424,0.3208,0.0112,0.0,-0.05,0.63,-1.9,False,0,0.0,0.0,0.001,30.0,False,0.0,0.0,0.889,1.39,0.0,False,False,3.23,False,0.0,False,14.0,14.0,0.0,SOBER,False
99,3.267,True,0.329,0.3397,0.3182,0.0128,0.0,4.07,-1.79,-2.59,False,0,0.0,0.0,0.001,30.0,False,0.0,0.0,0.902,1.39,0.0,False,False,3.27,False,0.0,False,14.0,14.0,0.0,SOBER,False
100,3.3,True,0.3272,0.333,0.3213,0.0136,0.0,-0.65,0.43,-1.77,False,0,0.0,0.0,0.001,30.0,False,0.0,0.0,0.906,1.39,0.0,False,False,3.3,False,0.0,False,14.0,14.0,0.0,SOBER,False
101,3.333,True,0.3464,0.3564,0.3365,0.0115,0.0,-0.52,-0.06,-2.3,False,0,0.0,0.0,0.001,30.0,False,0.0,0.0,0.906,1.39,0.0,False,False,3.33,False,0.0,False,14.0,14.0,0.0,SOBER,False
102,3.367,True,0.3483,0.3586,0.3381,0.012,0.0,-0.73,-0.18,-2.39,False,0,0.0,0.0,0.001,30.0,False,0.0,0.0,0.903,1.389,0.0,False,False,3.37,False,0.0,False,14.0,14.0,0.0,SOBER,False
103,3.4,True,0.3504,0.361,0.3398,0.0116,0.0,-0.6,-0.06,-2.39,False,0,0.0,0.0,0.001,30.0,False,0.0,0.0,0.9,1.389,0.0,False,False,3.4,False,0.0,False,14.0,14.0,0.0,SOBER,False
104,3.433,True,0.35,0.3604,0.3395,0.0117,0.0,-0.61,-0.06,-2.39,False,0,0.0,0.0,0.001,30.0,False,0.0,0.0,0.899,1.389,0.0,False,False,3.43,False,0.0,False,14.0,14.0,0.0,SOBER,False
105,3.467,True,0.35,0.3606,0.3395,0.0117,0.0,4.17,-1.39,-2.69,False,0,0.0,0.0,0.001,30.0,False,0.0,0.0,0.906,1.389,0.0,False,False,3.47,False,0.0,False,14.0,14.0,0.0,SOBER,False
106,3.5,True,0.35,0.3605,0.3395,0.0118,0.0,-0.6,-0.05,-2.39,False,0,0.0,0.0,0.001,30.0,False,0.0,0.0,0.907,1.389,0.0,False,False,3.5,False,8.0,False,14.0,14.0,65.0,SOBER,False
107,3.533,True,0.35,0.3606,0.3395,0.0117,0.0,-0.6,-0.05,-2.4,False,0,0.0,0.0,0.001,30.0,False,0.0,0.0,0.908,1.389,0.0,False,False,3.53,False,8.0,False,14.0,14.0,65.0,SOBER,False
108,3.567,True,0.3508,0.3581,0.3434,0.012,0.0,-0.97,0.39,-2.3,False,0,0.0,0.0,0.001,30.0,False,0.0,0.0,0.907,1.389,0.0,False,False,3.57,False,8.0,False,14.0,14.0,65.0,SOBER,False
109,3.6,True,0.3456,0.3565,0.3347,0.0114,0.0,1.38,-0.73,-2.04,False,0,0.0,0.0,0.001,30.0,False,0.0,0.0,0.906,1.388,0.0,False,False,3.6,False,8.0,False,14.0,14.0,65.0,SOBER,False
110,3.633,True,0.3388,0.3471,0.3306,0.0105,0.0,1.46,-0.83,-1.72,False,0,0.0,0.0,0.001,30.0,False,0.0,0.0,0.906,1.388,0.0,False,False,3.63,False,8.0,False,14.0,14.0,65.0,SOBER,False
111,3.667,True,0.3454,0.356,0.3348,0.0108,0.0,1.76,-1.04,-1.9,False,0,0.0,0.0,0.0,30.0,False,0.0,0.0,0.907,1.387,0.0,False,False,3.67,False,8.0,False,14.0,14.0,65.0,SOBER,False
112,3.7,True,0.3265,0.3294,0.3237,0.0161,0.0,0.21,-1.55,-1.76,False,0,0.0,0.0,0.0,30.0,False,0.0,0.0,0.913,1.387,0.0,False,False,3.7,False,8.0,False,14.0,14.0,65.0,SOBER,False
113,3.733,True,0.3301,0.3337,0.3265,0.0146,0.0,4.6,-2.79,-2.14,False,0,0.0,0.0,0.0,30.0,False,0.0,0.0,0.928,1.386,0.0,False,False,3.73,False,8.0,False,14.0,14.0,65.0,SOBER,False
114,3.767,True,0.3276,0.3311,0.3241,0.0202,0.0,0.51,-1.7,-1.79,False,0,0.0,0.0,0.0,30.0,False,0.0,0.0,0.936,1.386,0.0,False,False,3.77,False,8.0,False,14.0,14.0,65.0,SOBER,False
115,3.8,True,0.3287,0.3324,0.325,0.0134,0.0,0.66,-1.59,-1.76,False,0,0.0,0.0,0.0,30.0,False,0.0,0.0,0.941,1.385,0.0,False,False,3.8,False,8.0,False,14.0,14.0,65.0,SOBER,False
116,3.833,True,0.3385,0.3498,0.3271,0.0196,0.0,0.44,-0.52,-1.96,False,0,0.0,0.0,0.0,30.0,False,0.0,0.0,0.941,1.385,0.0,False,False,3.83,False,8.0,False,14.0,14.0,65.0,SOBER,False
117,3.867,True,0.3403,0.3522,0.3284,0.0182,0.0,5.2,-1.4,-2.3,False,0,0.0,0.0,0.0,30.0,False,0.0,0.0,0.947,1.384,0.0,False,False,3.87,False,8.0,False,14.0,14.0,65.0,SOBER,False
118,3.9,True,0.3293,0.338,0.3206,0.0254,0.0,-1.23,0.42,-2.05,False,0,0.0,0.0,0.0,30.0,False,0.0,0.0,0.944,1.384,0.0,False,False,3.9,False,8.0,False,14.0,14.0,65.0,SOBER,False
119,3.933,True,0.329,0.3378,0.3203,0.02,0.0,-1.26,0.47,-2.09,False,0,0.0,0.0,0.0,30.0,False,0.0,0.0,0.948,1.383,0.0,False,False,3.93,False,8.0,False,14.0,14.0,65.0,SOBER,False
120,3.967,True,0.3384,0.3476,0.3293,0.0172,0.0,1.07,-0.07,-1.59,False,0,0.0,0.0,0.0,30.0,False,0.0,0.0,0.95,1.383,0.0,False,False,3.97,False,8.0,False,14.0,14.0,65.0,SOBER,False
